-- phpMyAdmin SQL Dump
-- version 5.1.1
-- https://www.phpmyadmin.net/
--
-- Host: 127.0.0.1
-- Waktu pembuatan: 15 Jun 2022 pada 07.59
-- Versi server: 10.4.21-MariaDB
-- Versi PHP: 7.4.23

SET SQL_MODE = "NO_AUTO_VALUE_ON_ZERO";
START TRANSACTION;
SET time_zone = "+00:00";


/*!40101 SET @OLD_CHARACTER_SET_CLIENT=@@CHARACTER_SET_CLIENT */;
/*!40101 SET @OLD_CHARACTER_SET_RESULTS=@@CHARACTER_SET_RESULTS */;
/*!40101 SET @OLD_COLLATION_CONNECTION=@@COLLATION_CONNECTION */;
/*!40101 SET NAMES utf8mb4 */;

--
-- Database: `hadirr`
--

-- --------------------------------------------------------

--
-- Struktur dari tabel `absensi`
--

CREATE TABLE `absensi` (
  `id_absen` int(6) NOT NULL,
  `nis` varchar(15) NOT NULL,
  `tanggal` varchar(50) NOT NULL,
  `keterangan` enum('1','2','3','4') NOT NULL
) ENGINE=InnoDB DEFAULT CHARSET=utf8mb4;

--
-- Dumping data untuk tabel `absensi`
--

INSERT INTO `absensi` (`id_absen`, `nis`, `tanggal`, `keterangan`) VALUES
(1, '1001', '1649305851', '1'),
(2, '1002', '1649305851', '1'),
(3, '1003', '1649305851', '4'),
(4, '1004', '1649305851', '1'),
(5, '1005', '1649305851', '1'),
(6, '1006', '1649305851', '1'),
(7, '1007', '1649305851', '1'),
(8, '1008', '1649305851', '1'),
(9, '1009', '1649305851', '1'),
(10, '1010', '1649305851', '4'),
(11, '1011', '1649305851', '1'),
(12, '1012', '1649305851', '4'),
(13, '1013', '1649305851', '1'),
(14, '1014', '1649305851', '1'),
(15, '1015', '1649305851', '1'),
(16, '1016', '1649305851', '1'),
(17, '1017', '1649305851', '1'),
(18, '1018', '1649305851', '1'),
(19, '1019', '1649305851', '1'),
(20, '1020', '1649305851', '1'),
(21, '1021', '1649305851', '1'),
(22, '1022', '1649305851', '1'),
(23, '1023', '1649305851', '1'),
(24, '1024', '1649305851', '1'),
(25, '1025', '1649305851', '1'),
(26, '1026', '1649305851', '4'),
(27, '1027', '1649305851', '1'),
(28, '1028', '1649305851', '1'),
(29, '1029', '1649305851', '1'),
(30, '1030', '1649305851', '1'),
(31, '1031', '1649305851', '1'),
(32, '1032', '1649305851', '1'),
(33, '1033', '1649305851', '1'),
(34, '1034', '1649305851', '1'),
(35, '1035', '1649305851', '1'),
(36, '1036', '1649305851', '1'),
(37, '1001', '1649426175', '1'),
(38, '1002', '1649426175', '1'),
(39, '1003', '1649426175', '1'),
(40, '1004', '1649426175', '1'),
(41, '1005', '1649426175', '1'),
(42, '1006', '1649426175', '1'),
(43, '1007', '1649426175', '1'),
(44, '1008', '1649426175', '1'),
(45, '1009', '1649426175', '1'),
(46, '1010', '1649426175', '1'),
(47, '1011', '1649426175', '1'),
(48, '1012', '1649426175', '4'),
(49, '1013', '1649426175', '1'),
(50, '1014', '1649426175', '4'),
(51, '1015', '1649426175', '1'),
(52, '1016', '1649426175', '1'),
(53, '1017', '1649426175', '1'),
(54, '1018', '1649426175', '1'),
(55, '1019', '1649426175', '4'),
(56, '1020', '1649426175', '1'),
(57, '1021', '1649426175', '1'),
(58, '1022', '1649426175', '1'),
(59, '1023', '1649426175', '1'),
(60, '1024', '1649426175', '1'),
(61, '1025', '1649426175', '1'),
(62, '1026', '1649426175', '1'),
(63, '1027', '1649426175', '1'),
(64, '1028', '1649426175', '1'),
(65, '1029', '1649426175', '1'),
(66, '1030', '1649426175', '1'),
(67, '1031', '1649426175', '1'),
(68, '1032', '1649426175', '1'),
(69, '1033', '1649426175', '1'),
(70, '1034', '1649426175', '1'),
(71, '1035', '1649426175', '1'),
(72, '1036', '1649426175', '1'),
(73, '1001', '1652231656', '3'),
(74, '1002', '1652231656', '1'),
(75, '1003', '1652231656', '1'),
(76, '1004', '1652231656', '1'),
(77, '1005', '1652231656', '3'),
(78, '1006', '1652231656', '1'),
(79, '1007', '1652231656', '1'),
(80, '1008', '1652231656', '1'),
(81, '1009', '1652231656', '1'),
(82, '1010', '1652231656', '2'),
(83, '1011', '1652231656', '1'),
(84, '1012', '1652231656', '4'),
(85, '1013', '1652231656', '1'),
(86, '1014', '1652231656', '1'),
(87, '1015', '1652231656', '1'),
(88, '1016', '1652231656', '1'),
(89, '1017', '1652231656', '1'),
(90, '1018', '1652231656', '1'),
(91, '1019', '1652231656', '1'),
(92, '1020', '1652231656', '3'),
(93, '1021', '1652231656', '1'),
(94, '1022', '1652231656', '1'),
(95, '1023', '1652231656', '1'),
(96, '1024', '1652231656', '1'),
(97, '1025', '1652231656', '1'),
(98, '1026', '1652231656', '1'),
(99, '1027', '1652231656', '1'),
(100, '1028', '1652231656', '1'),
(101, '1029', '1652231656', '1'),
(102, '1030', '1652231656', '1'),
(103, '1031', '1652231656', '1'),
(104, '1032', '1652231656', '2'),
(105, '1033', '1652231656', '1'),
(106, '1034', '1652231656', '1'),
(107, '1035', '1652231656', '1'),
(108, '1036', '1652231656', '1'),
(109, '1001', '1652319637', '1'),
(110, '1002', '1652319637', '1'),
(111, '1003', '1652319637', '1'),
(112, '1004', '1652319637', '1'),
(113, '1005', '1652319637', '3'),
(114, '1006', '1652319637', '1'),
(115, '1007', '1652319637', '4'),
(116, '1008', '1652319637', '1'),
(117, '1009', '1652319637', '1'),
(118, '1010', '1652319637', '1'),
(119, '1011', '1652319637', '1'),
(120, '1012', '1652319637', '4'),
(121, '1013', '1652319637', '1'),
(122, '1014', '1652319637', '4'),
(123, '1015', '1652319637', '1'),
(124, '1016', '1652319637', '1'),
(125, '1017', '1652319637', '1'),
(126, '1018', '1652319637', '1'),
(127, '1019', '1652319637', '1'),
(128, '1020', '1652319637', '1'),
(129, '1021', '1652319637', '1'),
(130, '1022', '1652319637', '1'),
(131, '1023', '1652319637', '1'),
(132, '1024', '1652319637', '1'),
(133, '1025', '1652319637', '1'),
(134, '1026', '1652319637', '1'),
(135, '1027', '1652319637', '1'),
(136, '1028', '1652319637', '1'),
(137, '1029', '1652319637', '1'),
(138, '1030', '1652319637', '1'),
(139, '1031', '1652319637', '1'),
(140, '1032', '1652319637', '1'),
(141, '1033', '1652319637', '1'),
(142, '1034', '1652319637', '3'),
(143, '1035', '1652319637', '1'),
(144, '1036', '1652319637', '1'),
(145, '1001', '1652357027', '3'),
(146, '1002', '1652357027', '1'),
(147, '1003', '1652357027', '1'),
(148, '1004', '1652357027', '1'),
(149, '1005', '1652357027', '3'),
(150, '1006', '1652357027', '1'),
(151, '1007', '1652357027', '4'),
(152, '1008', '1652357027', '1'),
(153, '1009', '1652357027', '1'),
(154, '1010', '1652357027', '1'),
(155, '1011', '1652357027', '1'),
(156, '1012', '1652357027', '4'),
(157, '1013', '1652357027', '1'),
(158, '1014', '1652357027', '4'),
(159, '1015', '1652357027', '1'),
(160, '1016', '1652357027', '1'),
(161, '1017', '1652357027', '1'),
(162, '1018', '1652357027', '1'),
(163, '1019', '1652357027', '1'),
(164, '1020', '1652357027', '1'),
(165, '1021', '1652357027', '1'),
(166, '1022', '1652357027', '1'),
(167, '1023', '1652357027', '1'),
(168, '1024', '1652357027', '1'),
(169, '1025', '1652357027', '1'),
(170, '1026', '1652357027', '1'),
(171, '1027', '1652357027', '1'),
(172, '1028', '1652357027', '1'),
(173, '1029', '1652357027', '1'),
(174, '1030', '1652357027', '1'),
(175, '1031', '1652357027', '1'),
(176, '1032', '1652357027', '1'),
(177, '1033', '1652357027', '1'),
(178, '1034', '1652357027', '3'),
(179, '1035', '1652357027', '1'),
(180, '1036', '1652357027', '1'),
(181, '1001', '1652423772', '1'),
(182, '1002', '1652423772', '1'),
(183, '1003', '1652423772', '1'),
(184, '1004', '1652423772', '1'),
(185, '1005', '1652423772', '1'),
(186, '1006', '1652423772', '1'),
(187, '1007', '1652423772', '1'),
(188, '1008', '1652423772', '4'),
(189, '1009', '1652423772', '1'),
(190, '1010', '1652423772', '1'),
(191, '1011', '1652423772', '1'),
(192, '1012', '1652423772', '1'),
(193, '1013', '1652423772', '1'),
(194, '1014', '1652423772', '1'),
(195, '1015', '1652423772', '1'),
(196, '1016', '1652423772', '1'),
(197, '1017', '1652423772', '1'),
(198, '1018', '1652423772', '1'),
(199, '1019', '1652423772', '1'),
(200, '1020', '1652423772', '1'),
(201, '1021', '1652423772', '1'),
(202, '1022', '1652423772', '1'),
(203, '1023', '1652423772', '1'),
(204, '1024', '1652423772', '1'),
(205, '1025', '1652423772', '1'),
(206, '1026', '1652423772', '1'),
(207, '1027', '1652423772', '1'),
(208, '1028', '1652423772', '1'),
(209, '1029', '1652423772', '1'),
(210, '1030', '1652423772', '1'),
(211, '1031', '1652423772', '1'),
(212, '1032', '1652423772', '1'),
(213, '1033', '1652423772', '1'),
(214, '1034', '1652423772', '1'),
(215, '1035', '1652423772', '1'),
(216, '1036', '1652423772', '1'),
(217, '1001', '1652832224', '4'),
(218, '1002', '1652832224', '1'),
(219, '1003', '1652832224', '1'),
(220, '1004', '1652832224', '1'),
(221, '1005', '1652832224', '4'),
(222, '1006', '1652832224', '1'),
(223, '1007', '1652832224', '1'),
(224, '1008', '1652832224', '1'),
(225, '1009', '1652832224', '1'),
(226, '1010', '1652832224', '4'),
(227, '1011', '1652832224', '1'),
(228, '1012', '1652832224', '1'),
(229, '1013', '1652832224', '1'),
(230, '1014', '1652832224', '1'),
(231, '1015', '1652832224', '1'),
(232, '1016', '1652832224', '1'),
(233, '1017', '1652832224', '1'),
(234, '1018', '1652832224', '1'),
(235, '1019', '1652832224', '1'),
(236, '1020', '1652832224', '1'),
(237, '1021', '1652832224', '1'),
(238, '1022', '1652832224', '1'),
(239, '1023', '1652832224', '1'),
(240, '1024', '1652832224', '1'),
(241, '1025', '1652832224', '1'),
(242, '1026', '1652832224', '1'),
(243, '1027', '1652832224', '1'),
(244, '1028', '1652832224', '1'),
(245, '1029', '1652832224', '1'),
(246, '1030', '1652832224', '1'),
(247, '1031', '1652832224', '2'),
(248, '1032', '1652832224', '1'),
(249, '1033', '1652832224', '1'),
(250, '1034', '1652832224', '1'),
(251, '1035', '1652832224', '1'),
(252, '1036', '1652832224', '1'),
(253, '1001', '1652836470', '4'),
(254, '1002', '1652836470', '1'),
(255, '1003', '1652836470', '1'),
(256, '1004', '1652836470', '1'),
(257, '1005', '1652836470', '4'),
(258, '1006', '1652836470', '1'),
(259, '1007', '1652836470', '1'),
(260, '1008', '1652836470', '1'),
(261, '1009', '1652836470', '1'),
(262, '1010', '1652836470', '4'),
(263, '1011', '1652836470', '1'),
(264, '1012', '1652836470', '1'),
(265, '1013', '1652836470', '1'),
(266, '1014', '1652836470', '1'),
(267, '1015', '1652836470', '1'),
(268, '1016', '1652836470', '1'),
(269, '1017', '1652836470', '1'),
(270, '1018', '1652836470', '1'),
(271, '1019', '1652836470', '1'),
(272, '1020', '1652836470', '1'),
(273, '1021', '1652836470', '1'),
(274, '1022', '1652836470', '1'),
(275, '1023', '1652836470', '1'),
(276, '1024', '1652836470', '1'),
(277, '1025', '1652836470', '1'),
(278, '1026', '1652836470', '1'),
(279, '1027', '1652836470', '1'),
(280, '1028', '1652836470', '1'),
(281, '1029', '1652836470', '1'),
(282, '1030', '1652836470', '1'),
(283, '1031', '1652836470', '2'),
(284, '1032', '1652836470', '1'),
(285, '1033', '1652836470', '1'),
(286, '1034', '1652836470', '1'),
(287, '1035', '1652836470', '1'),
(288, '1036', '1652836470', '1'),
(289, '1001', '1652836615', '4'),
(290, '1002', '1652836615', '1'),
(291, '1003', '1652836615', '1'),
(292, '1004', '1652836615', '1'),
(293, '1005', '1652836615', '4'),
(294, '1006', '1652836615', '1'),
(295, '1007', '1652836615', '1'),
(296, '1008', '1652836615', '1'),
(297, '1009', '1652836615', '1'),
(298, '1010', '1652836615', '4'),
(299, '1011', '1652836615', '1'),
(300, '1012', '1652836615', '1'),
(301, '1013', '1652836615', '1'),
(302, '1014', '1652836615', '1'),
(303, '1015', '1652836615', '1'),
(304, '1016', '1652836615', '1'),
(305, '1017', '1652836615', '1'),
(306, '1018', '1652836615', '1'),
(307, '1019', '1652836615', '1'),
(308, '1020', '1652836615', '1'),
(309, '1021', '1652836615', '1'),
(310, '1022', '1652836615', '1'),
(311, '1023', '1652836615', '1'),
(312, '1024', '1652836615', '1'),
(313, '1025', '1652836615', '1'),
(314, '1026', '1652836615', '1'),
(315, '1027', '1652836615', '1'),
(316, '1028', '1652836615', '1'),
(317, '1029', '1652836615', '1'),
(318, '1030', '1652836615', '1'),
(319, '1031', '1652836615', '1'),
(320, '1032', '1652836615', '1'),
(321, '1033', '1652836615', '1'),
(322, '1034', '1652836615', '1'),
(323, '1035', '1652836615', '1'),
(324, '1036', '1652836615', '1'),
(325, '1001', '1652837148', '2'),
(326, '1002', '1652837148', '1'),
(327, '1003', '1652837148', '1'),
(328, '1004', '1652837148', '1'),
(329, '1005', '1652837148', '4'),
(330, '1006', '1652837148', '1'),
(331, '1007', '1652837148', '1'),
(332, '1008', '1652837148', '1'),
(333, '1009', '1652837148', '1'),
(334, '1010', '1652837148', '4'),
(335, '1011', '1652837148', '1'),
(336, '1012', '1652837148', '1'),
(337, '1013', '1652837148', '1'),
(338, '1014', '1652837148', '1'),
(339, '1015', '1652837148', '1'),
(340, '1016', '1652837148', '1'),
(341, '1017', '1652837148', '1'),
(342, '1018', '1652837148', '1'),
(343, '1019', '1652837148', '1'),
(344, '1020', '1652837148', '1'),
(345, '1021', '1652837148', '1'),
(346, '1022', '1652837148', '1'),
(347, '1023', '1652837148', '1'),
(348, '1024', '1652837148', '1'),
(349, '1025', '1652837148', '1'),
(350, '1026', '1652837148', '1'),
(351, '1027', '1652837148', '1'),
(352, '1028', '1652837148', '1'),
(353, '1029', '1652837148', '1'),
(354, '1030', '1652837148', '1'),
(355, '1031', '1652837148', '2'),
(356, '1032', '1652837148', '1'),
(357, '1033', '1652837148', '1'),
(358, '1034', '1652837148', '1'),
(359, '1035', '1652837148', '1'),
(360, '1036', '1652837148', '1'),
(361, '1001', '1652837181', '4'),
(362, '1002', '1652837181', '1'),
(363, '1003', '1652837181', '1'),
(364, '1004', '1652837181', '1'),
(365, '1005', '1652837181', '4'),
(366, '1006', '1652837181', '1'),
(367, '1007', '1652837181', '1'),
(368, '1008', '1652837181', '1'),
(369, '1009', '1652837181', '1'),
(370, '1010', '1652837181', '4'),
(371, '1011', '1652837181', '1'),
(372, '1012', '1652837181', '1'),
(373, '1013', '1652837181', '1'),
(374, '1014', '1652837181', '1'),
(375, '1015', '1652837181', '1'),
(376, '1016', '1652837181', '1'),
(377, '1017', '1652837181', '1'),
(378, '1018', '1652837181', '1'),
(379, '1019', '1652837181', '1'),
(380, '1020', '1652837181', '1'),
(381, '1021', '1652837181', '1'),
(382, '1022', '1652837181', '1'),
(383, '1023', '1652837181', '1'),
(384, '1024', '1652837181', '1'),
(385, '1025', '1652837181', '1'),
(386, '1026', '1652837181', '1'),
(387, '1027', '1652837181', '1'),
(388, '1028', '1652837181', '1'),
(389, '1029', '1652837181', '1'),
(390, '1030', '1652837181', '1'),
(391, '1031', '1652837181', '2'),
(392, '1032', '1652837181', '1'),
(393, '1033', '1652837181', '1'),
(394, '1034', '1652837181', '1'),
(395, '1035', '1652837181', '1'),
(396, '1036', '1652837181', '1'),
(397, '1001', '1652837569', '4'),
(398, '1002', '1652837569', '1'),
(399, '1003', '1652837569', '1'),
(400, '1004', '1652837569', '1'),
(401, '1005', '1652837569', '4'),
(402, '1006', '1652837569', '1'),
(403, '1007', '1652837569', '1'),
(404, '1008', '1652837569', '1'),
(405, '1009', '1652837569', '1'),
(406, '1010', '1652837569', '4'),
(407, '1011', '1652837569', '1'),
(408, '1012', '1652837569', '1'),
(409, '1013', '1652837569', '1'),
(410, '1014', '1652837569', '1'),
(411, '1015', '1652837569', '1'),
(412, '1016', '1652837569', '1'),
(413, '1017', '1652837569', '1'),
(414, '1018', '1652837569', '1'),
(415, '1019', '1652837569', '1'),
(416, '1020', '1652837569', '1'),
(417, '1021', '1652837569', '1'),
(418, '1022', '1652837569', '1'),
(419, '1023', '1652837569', '1'),
(420, '1024', '1652837569', '1'),
(421, '1025', '1652837569', '1'),
(422, '1026', '1652837569', '1'),
(423, '1027', '1652837569', '1'),
(424, '1028', '1652837569', '1'),
(425, '1029', '1652837569', '1'),
(426, '1030', '1652837569', '1'),
(427, '1031', '1652837569', '2'),
(428, '1032', '1652837569', '1'),
(429, '1033', '1652837569', '1'),
(430, '1034', '1652837569', '1'),
(431, '1035', '1652837569', '1'),
(432, '1036', '1652837569', '1'),
(433, '1001', '1652922489', '4'),
(434, '1002', '1652922489', '1'),
(435, '1003', '1652922489', '1'),
(436, '1004', '1652922489', '1'),
(437, '1005', '1652922489', '1'),
(438, '1006', '1652922489', '1'),
(439, '1007', '1652922489', '1'),
(440, '1008', '1652922489', '1'),
(441, '1009', '1652922489', '1'),
(442, '1010', '1652922489', '2'),
(443, '1011', '1652922489', '1'),
(444, '1012', '1652922489', '4'),
(445, '1013', '1652922489', '1'),
(446, '1014', '1652922489', '1'),
(447, '1015', '1652922489', '1'),
(448, '1016', '1652922489', '1'),
(449, '1017', '1652922489', '1'),
(450, '1018', '1652922489', '1'),
(451, '1019', '1652922489', '1'),
(452, '1020', '1652922489', '1'),
(453, '1021', '1652922489', '1'),
(454, '1022', '1652922489', '1'),
(455, '1023', '1652922489', '1'),
(456, '1024', '1652922489', '1'),
(457, '1025', '1652922489', '1'),
(458, '1026', '1652922489', '4'),
(459, '1027', '1652922489', '1'),
(460, '1028', '1652922489', '2'),
(461, '1029', '1652922489', '1'),
(462, '1030', '1652922489', '1'),
(463, '1031', '1652922489', '2'),
(464, '1032', '1652922489', '1'),
(465, '1033', '1652922489', '1'),
(466, '1034', '1652922489', '1'),
(467, '1035', '1652922489', '1'),
(468, '1036', '1652922489', '1'),
(469, '1001', '1652923161', '4'),
(470, '1002', '1652923161', '1'),
(471, '1003', '1652923161', '4'),
(472, '1004', '1652923161', '1'),
(473, '1005', '1652923161', '4'),
(474, '1006', '1652923161', '1'),
(475, '1007', '1652923161', '1'),
(476, '1008', '1652923161', '1'),
(477, '1009', '1652923161', '1'),
(478, '1010', '1652923161', '2'),
(479, '1011', '1652923161', '1'),
(480, '1012', '1652923161', '4'),
(481, '1013', '1652923161', '1'),
(482, '1014', '1652923161', '1'),
(483, '1015', '1652923161', '1'),
(484, '1016', '1652923161', '1'),
(485, '1017', '1652923161', '1'),
(486, '1018', '1652923161', '1'),
(487, '1019', '1652923161', '4'),
(488, '1020', '1652923161', '1'),
(489, '1021', '1652923161', '1'),
(490, '1022', '1652923161', '1'),
(491, '1023', '1652923161', '1'),
(492, '1024', '1652923161', '1'),
(493, '1025', '1652923161', '1'),
(494, '1026', '1652923161', '4'),
(495, '1027', '1652923161', '1'),
(496, '1028', '1652923161', '4'),
(497, '1029', '1652923161', '1'),
(498, '1030', '1652923161', '1'),
(499, '1031', '1652923161', '2'),
(500, '1032', '1652923161', '1'),
(501, '1033', '1652923161', '1'),
(502, '1034', '1652923161', '1'),
(503, '1035', '1652923161', '1'),
(504, '1036', '1652923161', '1'),
(505, '1001', '1652924016', '4'),
(506, '1002', '1652924016', '1'),
(507, '1003', '1652924016', '4'),
(508, '1004', '1652924016', '1'),
(509, '1005', '1652924016', '4'),
(510, '1006', '1652924016', '1'),
(511, '1007', '1652924016', '1'),
(512, '1008', '1652924016', '1'),
(513, '1009', '1652924016', '1'),
(514, '1010', '1652924016', '2'),
(515, '1011', '1652924016', '1'),
(516, '1012', '1652924016', '4'),
(517, '1013', '1652924016', '1'),
(518, '1014', '1652924016', '1'),
(519, '1015', '1652924016', '1'),
(520, '1016', '1652924016', '1'),
(521, '1017', '1652924016', '1'),
(522, '1018', '1652924016', '1'),
(523, '1019', '1652924016', '1'),
(524, '1020', '1652924016', '1'),
(525, '1021', '1652924016', '1'),
(526, '1022', '1652924016', '1'),
(527, '1023', '1652924016', '1'),
(528, '1024', '1652924016', '1'),
(529, '1025', '1652924016', '1'),
(530, '1026', '1652924016', '4'),
(531, '1027', '1652924016', '1'),
(532, '1028', '1652924016', '2'),
(533, '1029', '1652924016', '1'),
(534, '1030', '1652924016', '1'),
(535, '1031', '1652924016', '2'),
(536, '1032', '1652924016', '1'),
(537, '1033', '1652924016', '1'),
(538, '1034', '1652924016', '1'),
(539, '1035', '1652924016', '1'),
(540, '1036', '1652924016', '1'),
(541, '1001', '1652924131', '4'),
(542, '1002', '1652924131', '1'),
(543, '1003', '1652924131', '4'),
(544, '1004', '1652924131', '1'),
(545, '1005', '1652924131', '1'),
(546, '1006', '1652924131', '1'),
(547, '1007', '1652924131', '1'),
(548, '1008', '1652924131', '1'),
(549, '1009', '1652924131', '1'),
(550, '1010', '1652924131', '2'),
(551, '1011', '1652924131', '1'),
(552, '1012', '1652924131', '4'),
(553, '1013', '1652924131', '1'),
(554, '1014', '1652924131', '1'),
(555, '1015', '1652924131', '1'),
(556, '1016', '1652924131', '1'),
(557, '1017', '1652924131', '1'),
(558, '1018', '1652924131', '1'),
(559, '1019', '1652924131', '1'),
(560, '1020', '1652924131', '1'),
(561, '1021', '1652924131', '1'),
(562, '1022', '1652924131', '1'),
(563, '1023', '1652924131', '1'),
(564, '1024', '1652924131', '1'),
(565, '1025', '1652924131', '1'),
(566, '1026', '1652924131', '4'),
(567, '1027', '1652924131', '1'),
(568, '1028', '1652924131', '2'),
(569, '1029', '1652924131', '1'),
(570, '1030', '1652924131', '1'),
(571, '1031', '1652924131', '2'),
(572, '1032', '1652924131', '1'),
(573, '1033', '1652924131', '1'),
(574, '1034', '1652924131', '1'),
(575, '1035', '1652924131', '1'),
(576, '1036', '1652924131', '1'),
(577, '1001', '1653102275', '2'),
(578, '1002', '1653102275', '4'),
(579, '1003', '1653102275', '1'),
(580, '1004', '1653102275', '1'),
(581, '1005', '1653102275', '1'),
(582, '1006', '1653102275', '1'),
(583, '1007', '1653102275', '1'),
(584, '1008', '1653102275', '1'),
(585, '1009', '1653102275', '1'),
(586, '1010', '1653102275', '4'),
(587, '1011', '1653102275', '1'),
(588, '1012', '1653102275', '4'),
(589, '1013', '1653102275', '1'),
(590, '1014', '1653102275', '1'),
(591, '1015', '1653102275', '1'),
(592, '1016', '1653102275', '1'),
(593, '1017', '1653102275', '1'),
(594, '1018', '1653102275', '1'),
(595, '1019', '1653102275', '1'),
(596, '1020', '1653102275', '1'),
(597, '1021', '1653102275', '1'),
(598, '1022', '1653102275', '1'),
(599, '1023', '1653102275', '1'),
(600, '1024', '1653102275', '1'),
(601, '1025', '1653102275', '1'),
(602, '1026', '1653102275', '1'),
(603, '1027', '1653102275', '1'),
(604, '1028', '1653102275', '1'),
(605, '1029', '1653102275', '1'),
(606, '1030', '1653102275', '1'),
(607, '1031', '1653102275', '1'),
(608, '1032', '1653102275', '1'),
(609, '1033', '1653102275', '1'),
(610, '1034', '1653102275', '1'),
(611, '1035', '1653102275', '1'),
(612, '1036', '1653102275', '1'),
(613, '1001', '1653105187', '2'),
(614, '1002', '1653105187', '1'),
(615, '1003', '1653105187', '1'),
(616, '1004', '1653105187', '1'),
(617, '1005', '1653105187', '1'),
(618, '1006', '1653105187', '1'),
(619, '1007', '1653105187', '1'),
(620, '1008', '1653105187', '1'),
(621, '1009', '1653105187', '1'),
(622, '1010', '1653105187', '4'),
(623, '1011', '1653105187', '1'),
(624, '1012', '1653105187', '4'),
(625, '1013', '1653105187', '1'),
(626, '1014', '1653105187', '1'),
(627, '1015', '1653105187', '1'),
(628, '1016', '1653105187', '1'),
(629, '1017', '1653105187', '1'),
(630, '1018', '1653105187', '1'),
(631, '1019', '1653105187', '1'),
(632, '1020', '1653105187', '1'),
(633, '1021', '1653105187', '1'),
(634, '1022', '1653105187', '1'),
(635, '1023', '1653105187', '1'),
(636, '1024', '1653105187', '1'),
(637, '1025', '1653105187', '1'),
(638, '1026', '1653105187', '1'),
(639, '1027', '1653105187', '1'),
(640, '1028', '1653105187', '1'),
(641, '1029', '1653105187', '1'),
(642, '1030', '1653105187', '1'),
(643, '1031', '1653105187', '1'),
(644, '1032', '1653105187', '1'),
(645, '1033', '1653105187', '1'),
(646, '1034', '1653105187', '1'),
(647, '1035', '1653105187', '1'),
(648, '1036', '1653105187', '1'),
(649, '1001', '1653105273', '2'),
(650, '1002', '1653105273', '4'),
(651, '1003', '1653105273', '1'),
(652, '1004', '1653105273', '1'),
(653, '1005', '1653105273', '1'),
(654, '1006', '1653105273', '1'),
(655, '1007', '1653105273', '1'),
(656, '1008', '1653105273', '1'),
(657, '1009', '1653105273', '1'),
(658, '1010', '1653105273', '4'),
(659, '1011', '1653105273', '1'),
(660, '1012', '1653105273', '4'),
(661, '1013', '1653105273', '1'),
(662, '1014', '1653105273', '1'),
(663, '1015', '1653105273', '1'),
(664, '1016', '1653105273', '1'),
(665, '1017', '1653105273', '1'),
(666, '1018', '1653105273', '1'),
(667, '1019', '1653105273', '1'),
(668, '1020', '1653105273', '1'),
(669, '1021', '1653105273', '1'),
(670, '1022', '1653105273', '1'),
(671, '1023', '1653105273', '1'),
(672, '1024', '1653105273', '1'),
(673, '1025', '1653105273', '1'),
(674, '1026', '1653105273', '1'),
(675, '1027', '1653105273', '1'),
(676, '1028', '1653105273', '1'),
(677, '1029', '1653105273', '1'),
(678, '1030', '1653105273', '1'),
(679, '1031', '1653105273', '1'),
(680, '1032', '1653105273', '1'),
(681, '1033', '1653105273', '1'),
(682, '1034', '1653105273', '1'),
(683, '1035', '1653105273', '1'),
(684, '1036', '1653105273', '1'),
(685, '1001', '1653620798', '1'),
(686, '1002', '1653620798', '1'),
(687, '1003', '1653620798', '1'),
(688, '1004', '1653620798', '1'),
(689, '1005', '1653620798', '1'),
(690, '1006', '1653620798', '1'),
(691, '1007', '1653620798', '1'),
(692, '1008', '1653620798', '1'),
(693, '1009', '1653620798', '1'),
(694, '1010', '1653620798', '1'),
(695, '1011', '1653620798', '1'),
(696, '1012', '1653620798', '1'),
(697, '1013', '1653620798', '1'),
(698, '1014', '1653620798', '1'),
(699, '1015', '1653620798', '1'),
(700, '1016', '1653620798', '1'),
(701, '1017', '1653620798', '1'),
(702, '1018', '1653620798', '4'),
(703, '1019', '1653620798', '1'),
(704, '1020', '1653620798', '4'),
(705, '1021', '1653620798', '1'),
(706, '1022', '1653620798', '4'),
(707, '1023', '1653620798', '1'),
(708, '1024', '1653620798', '1'),
(709, '1025', '1653620798', '1'),
(710, '1026', '1653620798', '1'),
(711, '1027', '1653620798', '1'),
(712, '1028', '1653620798', '4'),
(713, '1029', '1653620798', '1'),
(714, '1030', '1653620798', '1'),
(715, '1031', '1653620798', '1'),
(716, '1032', '1653620798', '1'),
(717, '1033', '1653620798', '1'),
(718, '1034', '1653620798', '1'),
(719, '1035', '1653620798', '1'),
(720, '1036', '1653620798', '1'),
(721, '1001', '1653620829', '4'),
(722, '1002', '1653620829', '1'),
(723, '1003', '1653620829', '1'),
(724, '1004', '1653620829', '1'),
(725, '1005', '1653620829', '1'),
(726, '1006', '1653620829', '1'),
(727, '1007', '1653620829', '1'),
(728, '1008', '1653620829', '1'),
(729, '1009', '1653620829', '1'),
(730, '1010', '1653620829', '1'),
(731, '1011', '1653620829', '1'),
(732, '1012', '1653620829', '1'),
(733, '1013', '1653620829', '1'),
(734, '1014', '1653620829', '1'),
(735, '1015', '1653620829', '1'),
(736, '1016', '1653620829', '1'),
(737, '1017', '1653620829', '1'),
(738, '1018', '1653620829', '4'),
(739, '1019', '1653620829', '4'),
(740, '1020', '1653620829', '4'),
(741, '1021', '1653620829', '1'),
(742, '1022', '1653620829', '4'),
(743, '1023', '1653620829', '4'),
(744, '1024', '1653620829', '1'),
(745, '1025', '1653620829', '1'),
(746, '1026', '1653620829', '1'),
(747, '1027', '1653620829', '1'),
(748, '1028', '1653620829', '4'),
(749, '1029', '1653620829', '1'),
(750, '1030', '1653620829', '1'),
(751, '1031', '1653620829', '1'),
(752, '1032', '1653620829', '1'),
(753, '1033', '1653620829', '1'),
(754, '1034', '1653620829', '1'),
(755, '1035', '1653620829', '1'),
(756, '1036', '1653620829', '1'),
(757, '1001', '1653661320', '1'),
(758, '1002', '1653661320', '1'),
(759, '1003', '1653661320', '1'),
(760, '1004', '1653661320', '1'),
(761, '1005', '1653661320', '1'),
(762, '1006', '1653661320', '1'),
(763, '1007', '1653661320', '1'),
(764, '1008', '1653661320', '1'),
(765, '1009', '1653661320', '1'),
(766, '1010', '1653661320', '1'),
(767, '1011', '1653661320', '1'),
(768, '1012', '1653661320', '1'),
(769, '1013', '1653661320', '1'),
(770, '1014', '1653661320', '1'),
(771, '1015', '1653661320', '1'),
(772, '1016', '1653661320', '1'),
(773, '1017', '1653661320', '1'),
(774, '1018', '1653661320', '4'),
(775, '1019', '1653661320', '1'),
(776, '1020', '1653661320', '4'),
(777, '1021', '1653661320', '1'),
(778, '1022', '1653661320', '4'),
(779, '1023', '1653661320', '1'),
(780, '1024', '1653661320', '1'),
(781, '1025', '1653661320', '1'),
(782, '1026', '1653661320', '1'),
(783, '1027', '1653661320', '1'),
(784, '1028', '1653661320', '4'),
(785, '1029', '1653661320', '1'),
(786, '1030', '1653661320', '1'),
(787, '1031', '1653661320', '1'),
(788, '1032', '1653661320', '1'),
(789, '1033', '1653661320', '1'),
(790, '1034', '1653661320', '1'),
(791, '1035', '1653661320', '1'),
(792, '1036', '1653661320', '1'),
(793, '1001', '1653704242', '2'),
(794, '1002', '1653704242', '1'),
(795, '1003', '1653704242', '4'),
(796, '1004', '1653704242', '1'),
(797, '1005', '1653704242', '1'),
(798, '1006', '1653704242', '1'),
(799, '1007', '1653704242', '1'),
(800, '1008', '1653704242', '1'),
(801, '1009', '1653704242', '1'),
(802, '1010', '1653704242', '1'),
(803, '1011', '1653704242', '1'),
(804, '1012', '1653704242', '4'),
(805, '1013', '1653704242', '1'),
(806, '1014', '1653704242', '1'),
(807, '1015', '1653704242', '1'),
(808, '1016', '1653704242', '1'),
(809, '1017', '1653704242', '1'),
(810, '1018', '1653704242', '4'),
(811, '1019', '1653704242', '1'),
(812, '1020', '1653704242', '4'),
(813, '1021', '1653704242', '1'),
(814, '1022', '1653704242', '1'),
(815, '1023', '1653704242', '1'),
(816, '1024', '1653704242', '1'),
(817, '1025', '1653704242', '1'),
(818, '1026', '1653704242', '1'),
(819, '1027', '1653704242', '1'),
(820, '1028', '1653704242', '1'),
(821, '1029', '1653704242', '1'),
(822, '1030', '1653704242', '1'),
(823, '1031', '1653704242', '1'),
(824, '1032', '1653704242', '1'),
(825, '1033', '1653704242', '1'),
(826, '1034', '1653704242', '1'),
(827, '1035', '1653704242', '1'),
(828, '1036', '1653704242', '1'),
(829, '1037', '1653720276', '1'),
(830, '1038', '1653720276', '2'),
(831, '1039', '1653720276', '1'),
(832, '1040', '1653720276', '1'),
(833, '1041', '1653720276', '1'),
(834, '1042', '1653720276', '1'),
(835, '1043', '1653720276', '1'),
(836, '1044', '1653720276', '1'),
(837, '1045', '1653720276', '1'),
(838, '1046', '1653720276', '2'),
(839, '1047', '1653720276', '3'),
(840, '1048', '1653720276', '4'),
(841, '1049', '1653720276', '1'),
(842, '1050', '1653720276', '1'),
(843, '1051', '1653720276', '1'),
(844, '1052', '1653720276', '1'),
(845, '1053', '1653720276', '1'),
(846, '1054', '1653720276', '4'),
(847, '1', '1653720426', '3'),
(848, '1078', '1653723413', '1'),
(849, '1078', '1653810038', '4'),
(850, '1001', '1653810327', '1'),
(851, '1002', '1653810327', '1'),
(852, '1003', '1653810327', '1'),
(853, '1004', '1653810327', '1'),
(854, '1005', '1653810327', '1'),
(855, '1006', '1653810327', '1'),
(856, '1007', '1653810327', '1'),
(857, '1008', '1653810327', '1'),
(858, '1009', '1653810327', '1'),
(859, '1010', '1653810327', '1'),
(860, '1011', '1653810327', '1'),
(861, '1012', '1653810327', '1'),
(862, '1013', '1653810327', '1'),
(863, '1014', '1653810327', '1'),
(864, '1015', '1653810327', '1'),
(865, '1016', '1653810327', '1'),
(866, '1017', '1653810327', '1'),
(867, '1018', '1653810327', '1'),
(868, '1019', '1653810327', '1'),
(869, '1020', '1653810327', '1'),
(870, '1021', '1653810327', '1'),
(871, '1022', '1653810327', '1'),
(872, '1023', '1653810327', '1'),
(873, '1024', '1653810327', '1'),
(874, '1025', '1653810327', '1'),
(875, '1026', '1653810327', '1'),
(876, '1027', '1653810327', '1'),
(877, '1028', '1653810327', '1'),
(878, '1029', '1653810327', '1'),
(879, '1030', '1653810327', '1'),
(880, '1031', '1653810327', '1'),
(881, '1032', '1653810327', '1'),
(882, '1033', '1653810327', '1'),
(883, '1034', '1653810327', '1'),
(884, '1035', '1653810327', '1'),
(885, '1036', '1653810327', '1'),
(886, '1001', '1653869141', '1'),
(887, '1002', '1653869141', '1'),
(888, '1003', '1653869141', '1'),
(889, '1004', '1653869141', '1'),
(890, '1005', '1653869141', '1'),
(891, '1006', '1653869141', '1'),
(892, '1007', '1653869141', '1'),
(893, '1008', '1653869141', '1'),
(894, '1009', '1653869141', '1'),
(895, '1010', '1653869141', '1'),
(896, '1011', '1653869141', '1'),
(897, '1012', '1653869141', '1'),
(898, '1013', '1653869141', '1'),
(899, '1014', '1653869141', '1'),
(900, '1015', '1653869141', '1'),
(901, '1016', '1653869141', '1'),
(902, '1017', '1653869141', '4'),
(903, '1018', '1653869141', '2'),
(904, '1019', '1653869141', '1'),
(905, '1020', '1653869141', '4'),
(906, '1021', '1653869141', '1'),
(907, '1022', '1653869141', '1'),
(908, '1023', '1653869141', '1'),
(909, '1024', '1653869141', '1'),
(910, '1025', '1653869141', '1'),
(911, '1026', '1653869141', '1'),
(912, '1027', '1653869141', '1'),
(913, '1028', '1653869141', '1'),
(914, '1029', '1653869141', '1'),
(915, '1030', '1653869141', '1'),
(916, '1031', '1653869141', '1'),
(917, '1032', '1653869141', '1'),
(918, '1033', '1653869141', '1'),
(919, '1034', '1653869141', '1'),
(920, '1035', '1653869141', '1'),
(921, '1036', '1653869141', '4'),
(922, '1001', '1653976317', '1'),
(923, '1002', '1653976317', '1'),
(924, '1003', '1653976317', '1'),
(925, '1004', '1653976317', '1'),
(926, '1005', '1653976317', '1'),
(927, '1006', '1653976317', '1'),
(928, '1007', '1653976317', '1'),
(929, '1008', '1653976317', '1'),
(930, '1009', '1653976317', '1'),
(931, '1010', '1653976317', '4'),
(932, '1011', '1653976317', '1'),
(933, '1012', '1653976317', '1'),
(934, '1013', '1653976317', '1'),
(935, '1014', '1653976317', '4'),
(936, '1015', '1653976317', '1'),
(937, '1016', '1653976317', '1'),
(938, '1017', '1653976317', '1'),
(939, '1018', '1653976317', '2'),
(940, '1019', '1653976317', '1'),
(941, '1020', '1653976317', '2'),
(942, '1021', '1653976317', '1'),
(943, '1022', '1653976317', '1'),
(944, '1023', '1653976317', '1'),
(945, '1024', '1653976317', '1'),
(946, '1025', '1653976317', '1'),
(947, '1026', '1653976317', '1'),
(948, '1027', '1653976317', '1'),
(949, '1028', '1653976317', '1'),
(950, '1029', '1653976317', '1'),
(951, '1030', '1653976317', '1'),
(952, '1031', '1653976317', '1'),
(953, '1032', '1653976317', '1'),
(954, '1033', '1653976317', '1'),
(955, '1034', '1653976317', '1'),
(956, '1035', '1653976317', '1'),
(957, '1036', '1653976317', '4'),
(958, '1037', '1654005314', '1'),
(959, '1038', '1654005314', '1'),
(960, '1039', '1654005314', '1'),
(961, '1040', '1654005314', '1'),
(962, '1041', '1654005314', '1'),
(963, '1042', '1654005314', '1'),
(964, '1043', '1654005314', '1'),
(965, '1044', '1654005314', '1'),
(966, '1045', '1654005314', '1'),
(967, '1046', '1654005314', '1'),
(968, '1047', '1654005314', '1'),
(969, '1048', '1654005314', '1'),
(970, '1049', '1654005314', '1'),
(971, '1050', '1654005314', '1'),
(972, '1051', '1654005314', '1'),
(973, '1052', '1654005314', '1'),
(974, '1053', '1654005314', '1'),
(975, '1054', '1654005314', '1'),
(976, '1001', '1654222748', '1'),
(977, '1002', '1654222748', '1'),
(978, '1003', '1654222748', '1'),
(979, '1004', '1654222748', '1'),
(980, '1005', '1654222748', '1'),
(981, '1006', '1654222748', '1'),
(982, '1007', '1654222748', '1'),
(983, '1008', '1654222748', '1'),
(984, '1009', '1654222748', '1'),
(985, '1010', '1654222748', '2'),
(986, '1011', '1654222748', '1'),
(987, '1012', '1654222748', '1'),
(988, '1013', '1654222748', '1'),
(989, '1014', '1654222748', '1'),
(990, '1015', '1654222748', '1'),
(991, '1016', '1654222748', '1'),
(992, '1017', '1654222748', '1'),
(993, '1018', '1654222748', '1'),
(994, '1019', '1654222748', '1'),
(995, '1020', '1654222748', '1'),
(996, '1021', '1654222748', '1'),
(997, '1022', '1654222748', '1'),
(998, '1023', '1654222748', '1'),
(999, '1024', '1654222749', '1'),
(1000, '1025', '1654222749', '1'),
(1001, '1026', '1654222749', '1'),
(1002, '1027', '1654222749', '1'),
(1003, '1028', '1654222749', '1'),
(1004, '1029', '1654222749', '1'),
(1005, '1030', '1654222749', '1'),
(1006, '1031', '1654222749', '1'),
(1007, '1032', '1654222749', '1'),
(1008, '1033', '1654222749', '1'),
(1009, '1034', '1654222749', '1'),
(1010, '1035', '1654222749', '1'),
(1011, '1036', '1654222749', '1'),
(1012, '1037', '1654222884', '1'),
(1013, '1038', '1654222884', '1'),
(1014, '1039', '1654222884', '1'),
(1015, '1040', '1654222884', '1'),
(1016, '1041', '1654222884', '1'),
(1017, '1042', '1654222884', '1'),
(1018, '1043', '1654222884', '1'),
(1019, '1044', '1654222884', '1'),
(1020, '1045', '1654222884', '1'),
(1021, '1046', '1654222884', '4'),
(1022, '1047', '1654222884', '1'),
(1023, '1048', '1654222884', '1'),
(1024, '1049', '1654222884', '1'),
(1025, '1050', '1654222884', '3'),
(1026, '1051', '1654222884', '1'),
(1027, '1052', '1654222884', '1'),
(1028, '1053', '1654222884', '1'),
(1029, '1054', '1654222884', '2'),
(1030, '1001', '1655090241', '2'),
(1031, '1002', '1655090241', '1'),
(1032, '1003', '1655090241', '1'),
(1033, '1004', '1655090241', '1'),
(1034, '1005', '1655090241', '1'),
(1035, '1006', '1655090241', '1'),
(1036, '1007', '1655090241', '1'),
(1037, '1008', '1655090241', '1'),
(1038, '1009', '1655090241', '1'),
(1039, '1010', '1655090241', '1'),
(1040, '1011', '1655090241', '1'),
(1041, '1012', '1655090241', '1'),
(1042, '1013', '1655090241', '1'),
(1043, '1014', '1655090241', '1'),
(1044, '1015', '1655090241', '1'),
(1045, '1016', '1655090241', '1'),
(1046, '1017', '1655090241', '1'),
(1047, '1018', '1655090241', '1'),
(1048, '1019', '1655090241', '1'),
(1049, '1020', '1655090241', '1'),
(1050, '1021', '1655090241', '1'),
(1051, '1022', '1655090241', '1'),
(1052, '1023', '1655090241', '1'),
(1053, '1024', '1655090241', '1'),
(1054, '1025', '1655090241', '1'),
(1055, '1026', '1655090241', '1'),
(1056, '1027', '1655090241', '1'),
(1057, '1028', '1655090241', '1'),
(1058, '1029', '1655090241', '1'),
(1059, '1030', '1655090241', '1'),
(1060, '1031', '1655090241', '1'),
(1061, '1032', '1655090241', '1'),
(1062, '1033', '1655090241', '1'),
(1063, '1034', '1655090241', '1'),
(1064, '1035', '1655090241', '1'),
(1065, '1036', '1655090241', '1'),
(1066, '1037', '1655096487', '1'),
(1067, '1038', '1655096487', '1'),
(1068, '1039', '1655096487', '1'),
(1069, '1040', '1655096487', '1'),
(1070, '1041', '1655096487', '1'),
(1071, '1042', '1655096487', '1'),
(1072, '1043', '1655096487', '1'),
(1073, '1044', '1655096487', '1'),
(1074, '1045', '1655096487', '1'),
(1075, '1046', '1655096487', '1'),
(1076, '1047', '1655096487', '1'),
(1077, '1048', '1655096487', '1'),
(1078, '1049', '1655096487', '1'),
(1079, '1050', '1655096487', '1'),
(1080, '1051', '1655096487', '1'),
(1081, '1052', '1655096487', '1'),
(1082, '1053', '1655096487', '1'),
(1083, '1054', '1655096487', '1'),
(1084, '1001', '1655208382', '1'),
(1085, '1002', '1655208382', '1'),
(1086, '1003', '1655208382', '1'),
(1087, '1004', '1655208382', '1'),
(1088, '1005', '1655208382', '1'),
(1089, '1006', '1655208382', '2'),
(1090, '1007', '1655208382', '1'),
(1091, '1008', '1655208382', '1'),
(1092, '1009', '1655208382', '1'),
(1093, '1010', '1655208382', '1'),
(1094, '1011', '1655208382', '1'),
(1095, '1012', '1655208382', '4'),
(1096, '1013', '1655208382', '1'),
(1097, '1014', '1655208382', '1'),
(1098, '1015', '1655208382', '1'),
(1099, '1016', '1655208382', '1'),
(1100, '1017', '1655208382', '2'),
(1101, '1018', '1655208382', '1'),
(1102, '1019', '1655208382', '1'),
(1103, '1020', '1655208382', '4'),
(1104, '1021', '1655208382', '1'),
(1105, '1022', '1655208382', '1'),
(1106, '1023', '1655208382', '1'),
(1107, '1024', '1655208382', '1'),
(1108, '1025', '1655208382', '1'),
(1109, '1026', '1655208382', '1'),
(1110, '1027', '1655208382', '1'),
(1111, '1028', '1655208382', '1'),
(1112, '1029', '1655208382', '4'),
(1113, '1030', '1655208382', '1'),
(1114, '1031', '1655208382', '1'),
(1115, '1032', '1655208382', '1'),
(1116, '1033', '1655208382', '1'),
(1117, '1034', '1655208382', '1'),
(1118, '1035', '1655208382', '1'),
(1119, '1036', '1655208382', '1'),
(1120, '1037', '1655208620', '1'),
(1121, '1038', '1655208620', '1'),
(1122, '1039', '1655208620', '1'),
(1123, '1040', '1655208620', '1'),
(1124, '1041', '1655208620', '1'),
(1125, '1042', '1655208620', '1'),
(1126, '1043', '1655208620', '1'),
(1127, '1044', '1655208620', '1'),
(1128, '1045', '1655208620', '1'),
(1129, '1046', '1655208620', '1'),
(1130, '1047', '1655208620', '1'),
(1131, '1048', '1655208620', '1'),
(1132, '1049', '1655208620', '1'),
(1133, '1050', '1655208620', '1'),
(1134, '1051', '1655208620', '1'),
(1135, '1052', '1655208620', '1'),
(1136, '1053', '1655208620', '1'),
(1137, '1054', '1655208620', '1'),
(1138, '4', '1655209041', '1'),
(1139, '555', '1655209041', '1'),
(1140, '1001', '1655252708', '1'),
(1141, '1002', '1655252708', '1'),
(1142, '1003', '1655252708', '1'),
(1143, '1004', '1655252708', '1'),
(1144, '1005', '1655252708', '1'),
(1145, '1006', '1655252708', '2'),
(1146, '1007', '1655252708', '1'),
(1147, '1008', '1655252708', '1'),
(1148, '1009', '1655252708', '1'),
(1149, '1010', '1655252708', '4'),
(1150, '1011', '1655252708', '1'),
(1151, '1012', '1655252708', '4'),
(1152, '1013', '1655252708', '1'),
(1153, '1014', '1655252708', '4'),
(1154, '1015', '1655252708', '1'),
(1155, '1016', '1655252708', '1'),
(1156, '1017', '1655252708', '1'),
(1157, '1018', '1655252708', '1'),
(1158, '1019', '1655252708', '1'),
(1159, '1020', '1655252708', '4'),
(1160, '1021', '1655252708', '1'),
(1161, '1022', '1655252708', '1'),
(1162, '1023', '1655252708', '1'),
(1163, '1024', '1655252708', '1'),
(1164, '1025', '1655252708', '1'),
(1165, '1026', '1655252708', '1'),
(1166, '1027', '1655252708', '1'),
(1167, '1028', '1655252708', '4'),
(1168, '1029', '1655252708', '1'),
(1169, '1030', '1655252708', '1'),
(1170, '1031', '1655252708', '1'),
(1171, '1032', '1655252708', '1'),
(1172, '1033', '1655252708', '1'),
(1173, '1034', '1655252708', '1'),
(1174, '1035', '1655252708', '1'),
(1175, '1036', '1655252708', '4'),
(1176, '1037', '1655269905', '1'),
(1177, '1038', '1655269905', '1'),
(1178, '1039', '1655269905', '1'),
(1179, '1040', '1655269905', '1'),
(1180, '1041', '1655269905', '1'),
(1181, '1042', '1655269905', '1'),
(1182, '1043', '1655269905', '1'),
(1183, '1044', '1655269905', '1'),
(1184, '1045', '1655269905', '1'),
(1185, '1046', '1655269905', '1'),
(1186, '1047', '1655269905', '1'),
(1187, '1048', '1655269905', '1'),
(1188, '1049', '1655269905', '1'),
(1189, '1050', '1655269905', '1'),
(1190, '1051', '1655269905', '1'),
(1191, '1052', '1655269905', '1'),
(1192, '1053', '1655269905', '1'),
(1193, '1054', '1655269905', '2');

-- --------------------------------------------------------

--
-- Struktur dari tabel `kelas`
--

CREATE TABLE `kelas` (
  `id_kelas` int(10) NOT NULL,
  `kelas` varchar(20) NOT NULL
) ENGINE=InnoDB DEFAULT CHARSET=utf8mb4;

--
-- Dumping data untuk tabel `kelas`
--

INSERT INTO `kelas` (`id_kelas`, `kelas`) VALUES
(1, 'XI RPL 1'),
(2, 'XI RPL 2'),
(3, 'XI TKJ 1'),
(4, 'XI TKJ 2'),
(5, 'XI MM 1'),
(6, 'XI MM 2'),
(7, 'XI DKV 1'),
(8, 'XI DKV 2');

-- --------------------------------------------------------

--
-- Struktur dari tabel `ketua`
--

CREATE TABLE `ketua` (
  `id_ketua` int(11) NOT NULL,
  `username` varchar(255) NOT NULL,
  `password` varchar(255) NOT NULL,
  `id_kelas` int(11) NOT NULL
) ENGINE=InnoDB DEFAULT CHARSET=utf8mb4;

--
-- Dumping data untuk tabel `ketua`
--

INSERT INTO `ketua` (`id_ketua`, `username`, `password`, `id_kelas`) VALUES
(1, 'XI RPL 1', '6c4ab0a1091f407d568b0a1c31829e29', 1),
(2, 'XI RPL 2', '1ebc4eeefb7bad38960ed2f088e279e4', 2),
(3, 'XI TKJ 1', '75f8ea4e7687362d914bf944cd233c5a', 3),
(4, 'XI TKJ 2', '5d3af6cd7a607d9d2a56848d46629619', 4),
(5, 'XI MM 1', 'd33dca3dc1cd62707121f1a8aaa5b3d5', 5),
(6, 'XI MM 2', 'd4df57932ea924a5a4637aefa6ecc930', 6),
(7, 'XI DKV 1', '7550bcd643b10be632e0d46d5bd0660b', 7),
(8, 'XI DKV 2', 'ffe54efd5c3331d791891c5a164a1c68', 8);

-- --------------------------------------------------------

--
-- Struktur dari tabel `siswa`
--

CREATE TABLE `siswa` (
  `nis` varchar(15) NOT NULL,
  `nama` varchar(300) NOT NULL,
  `jenis_kelamin` varchar(4) NOT NULL,
  `alamat` varchar(200) NOT NULL,
  `id_kelas` int(10) NOT NULL
) ENGINE=InnoDB DEFAULT CHARSET=utf8mb4;

--
-- Dumping data untuk tabel `siswa`
--

INSERT INTO `siswa` (`nis`, `nama`, `jenis_kelamin`, `alamat`, `id_kelas`) VALUES
('1001', 'ALDI BIJAKSONO', 'L', 'GLAGAH', 1),
('1002', 'ALIKA ZAHWA JALIANTI', 'P', 'BANYUWANGI', 1),
('1003', 'ALKADAFI FIRNAWAN', 'L', 'BANYUWANGI', 1),
('1004', 'ANNISA FARADIAH RAHMAN', 'P', 'BANYUWANGI', 1),
('1005', 'BAGUS FEBRIAN YUSUF RODIANSYAH', 'L', 'BANYUWANGI', 1),
('1006', 'BELLA ADELIA PUTRI', 'P', 'BANYUWANGI', 1),
('1007', 'CHEPTERINO DWI CENDIKA WICAKSA', 'L', 'BANYUWANGI', 1),
('1008', 'CITRA DWI AGUSTIN', 'P', 'BANYUWANGI', 1),
('1009', 'DANI DANESWARA', 'L', 'BANYUWANGI', 1),
('1010', 'DERA AYU ANGRAENI', 'P', 'BANYUWANGI', 1),
('1011', 'DESWITA NURUL ALFIANTI', 'P', 'BANYUWANGI', 1),
('1012', 'DHIO FERNANDA PUTRA', 'L', 'BANYUWANGI', 1),
('1013', 'DIFTYA MAULIDZA', 'P', 'BANYUWANGI', 1),
('1014', 'DONY TAMARA', 'L', 'BANYUWANGI', 1),
('1015', 'EKA PUTRIANA', 'P', 'BANYUWANGI', 1),
('1016', 'EVELYN FENADA AMALIA', 'P', 'BANYUWANGI', 1),
('1017', 'FALLENSYA NOVY ANDHANY', 'P', 'BANYUWANGI', 1),
('1018', 'FAUZAN', 'L', 'BANYUWANGI', 1),
('1019', 'FAVIAN NURRUDIN', 'L', 'BANYUWANGI', 1),
('1020', 'FERLY DWISATYA ASSABIL', 'L', 'BANYUWANGI', 1),
('1021', 'FIRDA AULIA AYUNI', 'P', 'BANYUWANGI', 1),
('1022', 'HASBI AINUL RAMADHANI', 'L', 'BANYUWANGI', 1),
('1023', 'HENDRIK SUBASA', 'L', 'BANYUWANGI', 1),
('1024', 'INSANI PUTRI KURNIA', 'P', 'BANYUWANGI', 1),
('1025', 'JIHAN NAIFA KHOLIDIYAH', 'P', 'BANYUWANGI', 1),
('1026', 'KANDIYASY ALMAKKI', 'L', 'BANYUWANGI', 1),
('1027', 'LAURA TITA ANINDYA GUNAWAN', 'P', 'KETAPANG', 1),
('1028', 'M.NICKO APRILIYO', 'L', 'BANYUWANGI', 1),
('1029', 'MADACAR NELZ MANDELANO', 'L', 'BANYUWANGI', 1),
('1030', 'MAULIDIYA EMMILDA', 'P', 'BANYUWANGI', 1),
('1031', 'MIRA AYU HARDIYANINGSIH', 'P', 'BANYUWANGI', 1),
('1032', 'MISYA ANNISATUZZAHRA', 'P', 'BANYUWANGI', 1),
('1033', 'MOH.ANDRA ARIESFI', 'L', 'BANYUWANGI', 1),
('1034', 'MOHAMAD SUNGQI PRADANA', 'L', 'BANYUWANGI', 1),
('1035', 'MUH.SYAUQI BASYARAHIL', 'L', 'BANYUWANGI', 1),
('1036', 'MUHAMMAD ALDYN ISMAIL PUTRA', 'L', 'BANYUWANGI', 1),
('1037', 'MUHAMMAD ALFAN IRSYADUL NGULYA', 'L', 'GAMBIRAN', 2),
('1038', 'MUHAMMAD REVINO EKA KURNAWAN', 'L', 'BANYUWANGI', 2),
('1039', 'MUHAMMAD RIFKI AJI', 'L', 'BANYUWANGI', 2),
('1040', 'MY SHI ZASKIA', 'P', 'BOYOLANGU', 2),
('1041', 'NABILA FATIN EFFENDI', 'P', 'KERTOSARI', 2),
('1042', 'NATASYA AISWARA', 'P', 'KERTOSARI', 2),
('1043', 'NAUVAL ABDHY PRATAMA PUTRA', 'L', 'GENTENG', 2),
('1044', 'NISA YUNI SYAFIRA', 'L', 'BANYUWANGI', 2),
('1045', 'NOVY RISMA AYU', 'P', 'KEMIREN', 2),
('1046', 'NUR FAIZAH', 'P', 'BANYUWANGI', 2),
('1047', 'NUR MILASARI', 'P', 'BANYUWANGI', 2),
('1048', 'OKTAVIAN TRIE SYABANA', 'L', 'BANYUWANGI', 2),
('1049', 'RAFIY AHMAD SAPUTRA', 'L', 'BANYUWANGI', 2),
('1050', 'RANGGA PRAMUDYA SETIAWAN', 'L', 'KETAPANG', 2),
('1051', 'RENJANA FAJAR RAMADHAN', 'L', 'BANYUWANGI', 2),
('1052', 'REYVAL SALSABIL SANGAP', 'L', 'BANYUWANGI', 2),
('1053', 'REZHA AJWA PUTRI ALVIANTI', 'P', 'LICIN', 2),
('1054', 'RIO ALDORA JIHAD', 'L', 'ROGOJAMPI', 2);

-- --------------------------------------------------------

--
-- Struktur dari tabel `users`
--

CREATE TABLE `users` (
  `id` int(11) NOT NULL,
  `username` varchar(255) NOT NULL,
  `password` varchar(255) NOT NULL
) ENGINE=InnoDB DEFAULT CHARSET=utf8mb4;

--
-- Dumping data untuk tabel `users`
--

INSERT INTO `users` (`id`, `username`, `password`) VALUES
(12, 'admin', '21232f297a57a5a743894a0e4a801fc3'),
(17, 'ini laura ya', '850be0dafdb8cf9c4fac09b4cecdd483'),
(18, 'misalnya admin', 'b73fdaa1fb7669da760b49600c45d9be');

--
-- Indexes for dumped tables
--

--
-- Indeks untuk tabel `absensi`
--
ALTER TABLE `absensi`
  ADD PRIMARY KEY (`id_absen`);

--
-- Indeks untuk tabel `kelas`
--
ALTER TABLE `kelas`
  ADD PRIMARY KEY (`id_kelas`);

--
-- Indeks untuk tabel `ketua`
--
ALTER TABLE `ketua`
  ADD PRIMARY KEY (`id_ketua`);

--
-- Indeks untuk tabel `siswa`
--
ALTER TABLE `siswa`
  ADD PRIMARY KEY (`nis`);

--
-- Indeks untuk tabel `users`
--
ALTER TABLE `users`
  ADD PRIMARY KEY (`id`);

--
-- AUTO_INCREMENT untuk tabel yang dibuang
--

--
-- AUTO_INCREMENT untuk tabel `absensi`
--
ALTER TABLE `absensi`
  MODIFY `id_absen` int(6) NOT NULL AUTO_INCREMENT, AUTO_INCREMENT=1194;

--
-- AUTO_INCREMENT untuk tabel `kelas`
--
ALTER TABLE `kelas`
  MODIFY `id_kelas` int(10) NOT NULL AUTO_INCREMENT, AUTO_INCREMENT=9;

--
-- AUTO_INCREMENT untuk tabel `ketua`
--
ALTER TABLE `ketua`
  MODIFY `id_ketua` int(11) NOT NULL AUTO_INCREMENT, AUTO_INCREMENT=9;

--
-- AUTO_INCREMENT untuk tabel `users`
--
ALTER TABLE `users`
  MODIFY `id` int(11) NOT NULL AUTO_INCREMENT, AUTO_INCREMENT=19;
COMMIT;

/*!40101 SET CHARACTER_SET_CLIENT=@OLD_CHARACTER_SET_CLIENT */;
/*!40101 SET CHARACTER_SET_RESULTS=@OLD_CHARACTER_SET_RESULTS */;
/*!40101 SET COLLATION_CONNECTION=@OLD_COLLATION_CONNECTION */;
